spectrum_id,inchikey,declared_name,spectral_source,ionization_mode
MassBank:4A4C768A:558,4A4C768A5D23F4-572AF9E2AA-0,Unknown compound 4A4C76,MassBank,positive
MassBank:F2ADCFCD:694,F2ADCFCD22AEB4-BE8A6232EF-B,Synthanol 30,MassBank,negative
MoNA:F2ADCFCD:966,F2ADCFCD22AEB4-BE8A6232EF-B,Unknown compound F2ADCF,MoNA,positive
MassBank:52BBEFA2:22,52BBEFA2EE8B98-0FCCB2964F-7,Synthanol 2,MassBank,negative
MassBank:276ACAA9:404,276ACAA9544B73-8562C19741-0,Synthanol 54,MassBank,negative
MoNA:3E396B83:660,3E396B83665CD9-E099E39E1B-6,Synthanol 33,MoNA,positive
GNPS:3E396B83:467,3E396B83665CD9-E099E39E1B-6,Synthanol 33,GNPS,negative
MoNA:B6982DF5:905,B6982DF5339685-62446EEB14-5,Synthanol 47,MoNA,positive
MassBank:B6982DF5:736,B6982DF5339685-62446EEB14-5,Synthanol 47 hydrate,MassBank,negative
MoNA:BE7310FF:395,BE7310FFD36D60-B57930E486-7,Synthanol 44,MoNA,negative
MoNA:6F552F86:267,6F552F8676B36C-42A3BBA295-8,Synthanol 35,MoNA,positive
MassBank:2DD7F17E:395,2DD7F17EB266C7-6FB61F755A-5,Synthanol 20,MassBank,positive
MoNA:2DD7F17E:743,2DD7F17EB266C7-6FB61F755A-5,Synthanol 20 hydrate,MoNA,negative
GNPS:0391A59D:99,0391A59DCA9603-437F16636C-B,Synthanol 19,GNPS,negative
MassBank:0391A59D:276,0391A59DCA9603-437F16636C-B,Synthanol 19,MassBank,negative
GNPS:ACBADFC1:472,ACBADFC1F52E5C-F288C389B5-C,Synthanol 39,GNPS,positive
GNPS:E7BF6984:86,E7BF69844F53F5-5A3C167B6D-4,Synthanol 21,GNPS,positive
MoNA:E7BF6984:482,E7BF69844F53F5-5A3C167B6D-4,Synthanol 21 hydrate,MoNA,negative
MassBank:46BE7486:727,46BE7486ACAF93-93CDDAB5AF-1,Synthanol 12,MassBank,negative
GNPS:46BE7486:730,46BE7486ACAF93-93CDDAB5AF-1,Synthanol 12 hydrate,GNPS,positive
MoNA:1FD4988D:643,1FD4988D2DF83E-53E41EF25D-A,Synthanol 26,MoNA,negative
MoNA:8FCE6957:333,8FCE6957628A17-413B9E8B5D-2,Synthanol 22,MoNA,positive
MassBank:8FCE6957:381,8FCE6957628A17-413B9E8B5D-2,Unknown compound 8FCE69,MassBank,negative
MoNA:428801EA:710,428801EA36BE15-CA65A775E0-5,Synthanol 18 hydrate,MoNA,positive
MassBank:428801EA:909,428801EA36BE15-CA65A775E0-5,Synthanol 18 hydrate,MassBank,positive
MoNA:35621DB5:500,35621DB52E9CF5-98649551DF-2,Synthanol 7,MoNA,positive
MassBank:B10600C4:154,B10600C4DB9045-765DBE8412-C,Synthanol 24,MassBank,positive
GNPS:DCADBFF6:369,DCADBFF68A0950-6B5CB915D3-5,Synthanol 46 hydrate,GNPS,negative
MoNA:DCADBFF6:763,DCADBFF68A0950-6B5CB915D3-5,Synthanol 46 hydrate,MoNA,negative
MassBank:DF1EFF8A:40,DF1EFF8A3F4283-F03C0681E2-9,Synthanol 17,MassBank,positive
GNPS:DF1EFF8A:381,DF1EFF8A3F4283-F03C0681E2-9,Synthanol 17,GNPS,negative
MassBank:DAE92C19:76,DAE92C19272999-20E430307D-D,Synthanol 38,MassBank,positive
MoNA:DAE92C19:833,DAE92C19272999-20E430307D-D,Synthanol 38,MoNA,positive
GNPS:8955C010:205,8955C01071465D-ABD142FC88-5,Unknown compound 8955C0,GNPS,positive
MoNA:8955C010:773,8955C01071465D-ABD142FC88-5,Synthanol 28,MoNA,positive
MassBank:4C316CF9:353,4C316CF9989A1A-B1E7CBBAD3-B,Synthanol 43,MassBank,positive
GNPS:4C316CF9:536,4C316CF9989A1A-B1E7CBBAD3-B,Synthanol 43,GNPS,positive
GNPS:6A8E1DB4:510,6A8E1DB436BB6A-478CB76751-8,Unknown compound 6A8E1D,GNPS,negative
MoNA:7B3910D9:354,7B3910D9C1BEA5-E15A6D0A3E-3,Synthanol 13,MoNA,positive
MassBank:7B3910D9:6,7B3910D9C1BEA5-E15A6D0A3E-3,Synthanol 13 hydrate,MassBank,negative
MoNA:51B9371D:269,51B9371D59C8F3-393F3AB0A8-1,Unknown compound 51B937,MoNA,negative
GNPS:5E09C673:118,5E09C67367B5B7-EFA83D022F-E,Unknown compound 5E09C6,GNPS,negative
MoNA:BFF2DA69:519,BFF2DA69CDC7B2-A48DB94E5B-B,Synthanol 1,MoNA,positive
MassBank:FDC8241F:228,FDC8241F179015-2894CC6140-4,Synthanol 5,MassBank,positive
GNPS:1E0B8642:973,1E0B8642D2E565-C29319A2FE-A,Synthanol 45,GNPS,negative
MoNA:1E0B8642:668,1E0B8642D2E565-C29319A2FE-A,Unknown compound 1E0B86,MoNA,negative
GNPS:6B8EECA7:723,6B8EECA7F2CBA1-8A988C8F9E-8,Synthanol 14 hydrate,GNPS,negative
GNPS:AFCFA3D8:404,AFCFA3D8D12D61-878F0E33C4-7,Synthanol 29,GNPS,positive
MassBank:964BAE3E:778,964BAE3E630209-30A470CD30-9,Synthanol 55,MassBank,positive
MassBank:C9EB8FCE:923,C9EB8FCEEABEF7-4F58B6A001-0,Synthanol 36,MassBank,negative
MoNA:C9EB8FCE:137,C9EB8FCEEABEF7-4F58B6A001-0,Synthanol 36,MoNA,negative
MoNA:D2DEFF31:968,D2DEFF3125555E-813BC47DB3-8,Synthanol 60,MoNA,negative
MassBank:F9BDE2C3:776,F9BDE2C3275D55-1C4B6ECE50-D,Synthanol 56,MassBank,positive
